{
	"credit": "Made with Blockbench",
	"texture_size": [64, 64],
	"textures": {
		"0": "linky",
		"particle": "linky"
	},
	"elements": [
		{
			"from": [4, 0, 4],
			"to": [12, 1, 12],
			"rotation": {"angle": 0, "axis": "x", "origin": [8, 4, 8]},
			"faces": {
				"north": {"uv": [0, 6.5, 2, 6.75], "texture": "#0"},
				"east": {"uv": [6.5, 0.25, 8.5, 0.5], "texture": "#0"},
				"south": {"uv": [6.5, 0.5, 8.5, 0.75], "texture": "#0"},
				"west": {"uv": [6.5, 0.75, 8.5, 1], "texture": "#0"},
				"up": {"uv": [4.5, 2, 2.5, 0], "texture": "#0"},
				"down": {"uv": [4.5, 2, 2.5, 4], "texture": "#0"}
			}
		},
		{
			"from": [3, 1, 3],
			"to": [13, 2, 13],
			"rotation": {"angle": 0, "axis": "y", "origin": [3, 1, 3]},
			"faces": {
				"north": {"uv": [6, 4.25, 8.5, 4.5], "texture": "#0"},
				"east": {"uv": [6, 4.5, 8.5, 4.75], "texture": "#0"},
				"south": {"uv": [6, 4.75, 8.5, 5], "texture": "#0"},
				"west": {"uv": [6.5, 0, 9, 0.25], "texture": "#0"},
				"up": {"uv": [2.5, 2.5, 0, 0], "texture": "#0"},
				"down": {"uv": [2.5, 2.5, 0, 5], "texture": "#0"}
			}
		},
		{
			"from": [4, 2, 4],
			"to": [12, 5, 12],
			"rotation": {"angle": 0, "axis": "y", "origin": [4, 2, 4]},
			"faces": {
				"north": {"uv": [0, 5, 2, 5.75], "texture": "#0"},
				"east": {"uv": [4.5, 5, 6.5, 5.75], "texture": "#0"},
				"south": {"uv": [0, 5.75, 2, 6.5], "texture": "#0"},
				"west": {"uv": [4.5, 5.75, 6.5, 6.5], "texture": "#0"},
				"up": {"uv": [4.5, 6, 2.5, 4], "texture": "#0"},
				"down": {"uv": [6.5, 0, 4.5, 2], "texture": "#0"}
			}
		},
		{
			"from": [5, 4, 5],
			"to": [11, 7, 11],
			"rotation": {"angle": 0, "axis": "y", "origin": [5, 4, 5]},
			"faces": {
				"north": {"uv": [2, 6, 3.5, 6.75], "texture": "#0"},
				"east": {"uv": [6, 2, 7.5, 2.75], "texture": "#0"},
				"south": {"uv": [6, 2.75, 7.5, 3.5], "texture": "#0"},
				"west": {"uv": [6, 3.5, 7.5, 4.25], "texture": "#0"},
				"up": {"uv": [6, 3.5, 4.5, 2], "texture": "#0"},
				"down": {"uv": [6, 3.5, 4.5, 5], "texture": "#0"}
			}
		},
		{
			"from": [5, 2, 3],
			"to": [7, 4, 6],
			"rotation": {"angle": 0, "axis": "y", "origin": [5, 2, 3]},
			"faces": {
				"north": {"uv": [7.25, 1.5, 7.75, 2], "texture": "#0"},
				"east": {"uv": [6.5, 1.5, 7.25, 2], "texture": "#0"},
				"south": {"uv": [2.75, 7.25, 3.25, 7.75], "texture": "#0"},
				"west": {"uv": [4, 6.5, 4.75, 7], "texture": "#0"},
				"up": {"uv": [5.25, 7.25, 4.75, 6.5], "texture": "#0"},
				"down": {"uv": [7, 5, 6.5, 5.75], "texture": "#0"}
			}
		},
		{
			"from": [8, 2, 3],
			"to": [10, 4, 6],
			"rotation": {"angle": 0, "axis": "y", "origin": [8, 2, 3]},
			"faces": {
				"north": {"uv": [0, 7.25, 0.5, 7.75], "texture": "#0"},
				"east": {"uv": [3.5, 6, 4.25, 6.5], "texture": "#0"},
				"south": {"uv": [7.25, 1, 7.75, 1.5], "texture": "#0"},
				"west": {"uv": [6.5, 1, 7.25, 1.5], "texture": "#0"},
				"up": {"uv": [2.5, 5.75, 2, 5], "texture": "#0"},
				"down": {"uv": [4, 6.5, 3.5, 7.25], "texture": "#0"}
			}
		},
		{
			"from": [12, 0, 4],
			"to": [15, 1, 6],
			"rotation": {"angle": 0, "axis": "y", "origin": [12, 0, 4]},
			"faces": {
				"north": {"uv": [3.25, 7.25, 4, 7.5], "texture": "#0"},
				"east": {"uv": [2, 5.75, 2.5, 6], "texture": "#0"},
				"south": {"uv": [7.25, 5.75, 8, 6], "texture": "#0"},
				"west": {"uv": [4.75, 7.25, 5.25, 7.5], "texture": "#0"},
				"up": {"uv": [6, 7, 5.25, 6.5], "texture": "#0"},
				"down": {"uv": [7.25, 5.75, 6.5, 6.25], "texture": "#0"}
			}
		},
		{
			"from": [1, 0, 4],
			"to": [4, 1, 6],
			"rotation": {"angle": 0, "axis": "y", "origin": [1, 0, 4]},
			"faces": {
				"north": {"uv": [7.5, 2.25, 8.25, 2.5], "texture": "#0"},
				"east": {"uv": [7.5, 6.25, 8, 6.5], "texture": "#0"},
				"south": {"uv": [7.5, 2.5, 8.25, 2.75], "texture": "#0"},
				"west": {"uv": [7.5, 6.5, 8, 6.75], "texture": "#0"},
				"up": {"uv": [3.5, 7.25, 2.75, 6.75], "texture": "#0"},
				"down": {"uv": [7.5, 6.25, 6.75, 6.75], "texture": "#0"}
			}
		},
		{
			"from": [1, 0, 9],
			"to": [4, 1, 11],
			"rotation": {"angle": 0, "axis": "y", "origin": [1, 0, 9]},
			"faces": {
				"north": {"uv": [7.5, 2.75, 8.25, 3], "texture": "#0"},
				"east": {"uv": [6.75, 7.5, 7.25, 7.75], "texture": "#0"},
				"south": {"uv": [7.5, 3, 8.25, 3.25], "texture": "#0"},
				"west": {"uv": [7.5, 6.75, 8, 7], "texture": "#0"},
				"up": {"uv": [7.5, 7.25, 6.75, 6.75], "texture": "#0"},
				"down": {"uv": [4.75, 7, 4, 7.5], "texture": "#0"}
			}
		},
		{
			"from": [10, 0, 1],
			"to": [12, 1, 4],
			"rotation": {"angle": 0, "axis": "y", "origin": [10, 0, 4]},
			"faces": {
				"north": {"uv": [4.5, 7.5, 5, 7.75], "texture": "#0"},
				"east": {"uv": [0.5, 7.5, 1.25, 7.75], "texture": "#0"},
				"south": {"uv": [7.5, 5, 8, 5.25], "texture": "#0"},
				"west": {"uv": [1.25, 7.5, 2, 7.75], "texture": "#0"},
				"up": {"uv": [1.25, 7.5, 0.75, 6.75], "texture": "#0"},
				"down": {"uv": [1.75, 6.75, 1.25, 7.5], "texture": "#0"}
			}
		},
		{
			"from": [10, 0, 12],
			"to": [12, 1, 15],
			"rotation": {"angle": 0, "axis": "y", "origin": [10, 0, 15]},
			"faces": {
				"north": {"uv": [7.5, 7.25, 8, 7.5], "texture": "#0"},
				"east": {"uv": [7.5, 3.5, 8.25, 3.75], "texture": "#0"},
				"south": {"uv": [0, 7.75, 0.5, 8], "texture": "#0"},
				"west": {"uv": [7.5, 3.75, 8.25, 4], "texture": "#0"},
				"up": {"uv": [6.25, 7.75, 5.75, 7], "texture": "#0"},
				"down": {"uv": [6.75, 7, 6.25, 7.75], "texture": "#0"}
			}
		},
		{
			"from": [4, 0, 1],
			"to": [6, 1, 4],
			"rotation": {"angle": 0, "axis": "y", "origin": [4, 0, 4]},
			"faces": {
				"north": {"uv": [7.5, 5.25, 8, 5.5], "texture": "#0"},
				"east": {"uv": [2, 7.5, 2.75, 7.75], "texture": "#0"},
				"south": {"uv": [7.5, 5.5, 8, 5.75], "texture": "#0"},
				"west": {"uv": [7.5, 2, 8.25, 2.25], "texture": "#0"},
				"up": {"uv": [2.25, 7.5, 1.75, 6.75], "texture": "#0"},
				"down": {"uv": [2.75, 6.75, 2.25, 7.5], "texture": "#0"}
			}
		},
		{
			"from": [4, 0, 12],
			"to": [6, 1, 15],
			"rotation": {"angle": 0, "axis": "y", "origin": [4, 0, 15]},
			"faces": {
				"north": {"uv": [7.5, 7, 8, 7.25], "texture": "#0"},
				"east": {"uv": [3.25, 7.5, 4, 7.75], "texture": "#0"},
				"south": {"uv": [7.25, 7.5, 7.75, 7.75], "texture": "#0"},
				"west": {"uv": [7.5, 3.25, 8.25, 3.5], "texture": "#0"},
				"up": {"uv": [7.5, 5.75, 7, 5], "texture": "#0"},
				"down": {"uv": [5.75, 7, 5.25, 7.75], "texture": "#0"}
			}
		},
		{
			"from": [12, 0, 9],
			"to": [15, 1, 11],
			"rotation": {"angle": 0, "axis": "y", "origin": [12, 0, 9]},
			"faces": {
				"north": {"uv": [7.25, 6, 8, 6.25], "texture": "#0"},
				"east": {"uv": [4, 7.5, 4.5, 7.75], "texture": "#0"},
				"south": {"uv": [6.75, 7.25, 7.5, 7.5], "texture": "#0"},
				"west": {"uv": [7.5, 4, 8, 4.25], "texture": "#0"},
				"up": {"uv": [6.75, 7, 6, 6.5], "texture": "#0"},
				"down": {"uv": [0.75, 6.75, 0, 7.25], "texture": "#0"}
			}
		}
	],
	"display": {
		"thirdperson_lefthand": {
			"rotation": [95, 0, 0],
			"translation": [-1.75, 0, 0]
		},
		"head": {
			"translation": [0, 18.75, 0],
			"scale": [1.56, 1.56, 1.56]
		}
	}
}